smiles,solubility,cluster
COc2ncc1nccnc1n2,-1.11,6
Cc1[nH]c(=O)n(c(=O)c1Cl)C(C)(C)C,-2.484,11
CCCCCCCl,-3.12,3
Brc1ccc(Br)cc1,-4.07,2
Fc1ccc(F)cc1,-1.97,2
CCCCCCCI,-4.81,3
Brc1cc(Br)c(Br)cc1Br,-6.98,2
C1CCC2CCCCC2C1,-5.19,3
c1cccc2c3c(C)cc4ccccc4c3ccc12,-6.59,10
CCc1ccc(C)cc1,-3.11,1
CC(C)CCOC(=O)C,-1.92,8
Cc1cccc(C)c1,-2.82,1
Oc1cccc(O)c1,0.81,2
CC12CC(O)C3C(CCC4=CC(=O)CCC34C)C2CCC1C(=O)CO,-3.24,0
Cc1ccc2c(ccc3ccccc32)c1,-5.84,10
O=C1NC(=O)NC(=O)C1(C(C)C)CC=C(C)C,-2.593,7
CCOC(=O)c1ccccc1S(=O)(=O)NN(C=O)c2nc(Cl)cc(OC)n2,-4.5760000000000005,11
CC1=CCC(CC1)C(C)=C,-4.26,6
c1cc(O)c(O)c2OCC3(O)CC4=CC(=O)C(O)=CC4=C3c21,-2.7,11
O=C1NC(=O)NC(=O)C1(CC)C(C)CCC,-2.39,7
CC12CCC3C(CCC4=CC(=O)CCC34C)C2CCC1C(=O)CO,-3.45,0
Oc2ncc1nccnc1n2,-1.947,6
CCCCBr,-2.37,3
CC1=CCCCC1,-3.27,3
CCCCC1C(=O)N(N(C1=O)c2ccc(O)cc2)c3ccccc3 ,-3.73,11
CN(C)C(=O)C(c1ccccc1)c2ccccc2 ,-2.98,11
Cc1cccc2c(C)cccc12,-4.678999999999999,10
c1ccc(cc1)c2ccc(cc2)c3ccccc3,-7.11,2
Nc1nc(=O)[nH]cc1F,-0.972,6
Clc1cc(Cl)c(Cl)c(c1Cl)c2c(Cl)c(Cl)cc(Cl)c2Cl ,-9.15,4
CC(C)OC(=O)C(O)(c1ccc(Br)cc1)c2ccc(Br)cc2 ,-4.93,11
CCCc1ccccc1,-3.37,1
CCCCO,0.0,9
CNN,1.34,6
COc1ccc(C=CC)cc1,-3.13,1
CC(C)=CCC/C(C)=C\CO,-2.46,6
Clc1c(Cl)c(Cl)c(c(Cl)c1Cl)c2c(Cl)c(Cl)c(Cl)c(Cl)c2Cl ,-11.6,4
CC(=O)OCC(=O)C3(O)CCC4C2CCC1=CC(=O)C=CC1(C)C2C(O)CC34C ,-4.37,0
CCCCOc1ccc(C(=O)OCC)c(c1)N(CC)CC ,-3.84,11
CCCC(C)C1(CC=C)C(=O)NC(=S)NC1=O ,-3.46,7
Clc1cccc(n1)C(Cl)(Cl)Cl,-3.76,6
CCC(C)O,0.47,9
N#Cc1ccccc1C#N,-2.38,1
c1cc2ccc(OC)c(CC=C(C)(C))c2oc1=O ,-4.314,11
c1ccc2c(c1)ccc3c2ccc4c5ccccc5ccc43,-7.87,10
COP(=O)(NC(C)=O)SC ,0.54,6
ClCc1ccccc1,-2.39,1
O=C1NCCN1c2ncc(s2)N(=O)=O,-3.22,11
Oc1ccc(cc1)C2(OC(=O)c3ccccc23)c4ccc(O)cc4 ,-2.9,11
C1CCCC1,-2.64,3
Nc1c(C)c[nH]c(=O)n1 ,-1.4580000000000002,6
CC(C)C(=O)C(C)C,-1.3,3
CC(=O)OCC(COC(=O)C)OC(=O)C,-0.6,6
CC(C#C)N(C)C(=O)Nc1ccc(Cl)cc1,-3.9,5
Clc1ccc(Cl)c(Cl)c1,-3.59,2
CCC(C)CC,-3.68,3
c1(C(C)(C)C)cc(C(C)(C)C)cc(OC(=O)NC)c1,-4.24,1
CN(C)C(=O)NC1CC2CC1C3CCCC23,-3.1710000000000003,6
c1ccc2c3c(ccc2c1)c4cccc5cccc3c45,-8.0,2
COC(=O)C=C,-0.22,8
CCc1ccccn1,0.51,2
CNC(=O)Oc1cc(C)cc(C)c1,-2.5810000000000004,1
C(Cc1ccccc1)c2ccccc2,-4.62,1
Clc1ccccc1c2ccccc2Cl ,-5.27,4
CCC(C)n1c(=O)[nH]c(C)c(Br)c1=O ,-2.523,11
O=C1NC(=O)NC(=O)C1(CC=C)c1ccccc1,-2.369,11
c1ccc2c(c1)ccc3c4ccccc4ccc23,-8.057,10
CCCCN(CC)C(=O)SCCC,-3.53,6
CC(C)CC(C)C,-4.26,3
CCCC(C)C,-3.74,3
CCCSCCC,-2.58,6
Cc2cnc1cncnc1n2,-0.8540000000000001,6
CC(Cl)Cl,-1.29,6
Nc1ccc(cc1)c2ccc(N)cc2,-2.7,5
C=CC#N,0.15,6
CC12CC(O)C3C(CCC4=CC(=O)C=CC34C)C2CCC1(O)C(=O)CO,-3.18,0
c1ccsc1,-1.33,6
c1ccccc1,-1.64,2
CC1(C)C(C(=O)OC(C#N)c2cccc(Oc3ccccc3)c2)C1(C)C,-6.025,11
CCc1cccc(CC)c1N(COC)C(=O)CCl ,-3.26,11
ClCC#N,-0.092,6
Oc1ccccn1,1.02,2
c1ccc2c(c1)c3cccc4c3c2cc5ccccc54,-8.23,2
Oc2cc(O)c1C(=O)CC(Oc1c2)c3ccc(O)c(O)c3,-3.62,11
CI,-1.0,6
C1N(C(=O)NCC(C)C)C(=O)NC1,-2.15,6
c1ccncc1,0.76,6
Oc1c(Cl)ccc(Cl)c1Cl,-2.64,2
CN(C)C(=O)NC1CCCCCCC1,-2.218,6
COc2c1occc1cc3ccc(=O)oc23 ,-3.664,11
O=C1NC(=O)C(N1)(c2ccccc2)c3ccccc3,-4.097,11
c1ccc2c(c1)c3cccc4cccc2c34,-6.0,2
Nc3ccc2cc1ccccc1cc2c3 ,-5.17,10
CC23Cc1cnoc1C=C2CCC4C3CCC5(C)C4CCC5(O)C#C,-5.507000000000001,11
OC(c1ccc(Cl)cc1)(c2cncnc2)c3ccccc3Cl,-4.38,11
CCOC2Oc1ccc(OS(C)(=O)=O)cc1C2(C)C,-3.42,11
Clc1ccc(c(Cl)c1)c2cc(Cl)ccc2Cl ,-6.57,4
CCCCC1(CC)C(=O)NC(=O)NC1=O,-1.661,7
CCN2c1ccccc1N(C)C(=O)c3ccccc23 ,-4.749,11
CN(C)C(=O)Oc1nc(nc(C)c1C)N(C)C,-1.95,11
CCC#N,0.28,3
CC(C)(C)c1ccc(O)cc1,-2.41,1
Cc1cc2c3ccccc3ccc2c4ccccc14,-6.57,10
c1ccc2cc3cc4ccccc4cc3cc2c1,-8.6,10
Cc1cccc2ccccc12,-3.7,10
CC(C)(C)Cc1ccccc1,-4.15,1
CCN(CC)c1ccccc1,-3.03,5
ClC1(C(=O)C2(Cl)C3(Cl)C14Cl)C5(Cl)C2(Cl)C3(Cl)C(Cl)(Cl)C45Cl,-5.259,11
c1ccc2ncccc2c1,-1.3,2
CCCCC(CC)C=O,-2.13,3
Cc1cccc(C)c1C,-3.2,1
CC(=C)C,-2.33,3
CCC(CC)CO,-1.17,9
ClC(Cl)(Cl)C(Cl)(Cl)Cl,-3.67,6
Clc1ccc(cc1)N(=O)=O,-2.92,5
Fc1cccc(Br)c1,-2.67,2
CCN(Cc1c(F)cccc1Cl)c2c(cc(cc2N(=O)=O)C(F)(F)F)N(=O)=O,-6.78,11
CC1CC(C)C(=O)C(C1)C(O)CC2CC(=O)NC(=O)C2 ,-1.13,0
c2ccc1NCCc1c2 ,-1.04,5
Clc1ccccc1Br,-3.19,2
C=CCC=C,-2.09,3
CCCCCCCC(=O)OC,-3.17,8
Nc2cccc3nc1ccccc1cc23 ,-4.22,2
CCCCS,-2.18,3
Fc1ccccc1Br,-2.7,2
COC(C)(C)CCCC(C)CC=CC(C)=CC(=O)OC(C)C,-5.19,6
Cc1ccc(cc1)S(=O)(=O)N,-1.74,1
CCCCCCCBr,-4.43,3
CCC(C)C(=O)OC2CC(C)C=C3C=CC(C)C(CCC1CC(O)CC(=O)O1)C23 ,-6.005,0
Cc1ccc2cc(C)ccc2c1,-4.89,10
CN(C)c2c(C)n(C)n(c1ccccc1)c2=O ,-0.364,11
ClC(Cl)(Cl)C#N,-2.168,6
Clc1ccc(c(Cl)c1Cl)c2ccc(Cl)c(Cl)c2Cl ,-8.01,4
c1ccc2cc3ccccc3cc2c1,-6.35,10
Clc1ccccc1C2=NCC(=O)Nc3ccc(cc23)N(=O)=O,-3.499,11
Clc1cc(Cl)c(c(Cl)c1)c2c(Cl)cc(Cl)cc2Cl ,-8.71,4
CNc2cnn(c1cccc(c1)C(F)(F)F)c(=O)c2Cl,-4.046,11
C=C,-0.4,6
ClCC(Cl)Cl,-1.48,6
CCCCCC=C,-3.73,3
CC2(C)C1CCC(C)(C1)C2=O,-1.85,0
CC(=O)Nc1ccc(cc1)N(=O)=O,-2.692,5
c1ccccc1SC,-2.39,2
OC(CC(c1ccccc1)c3c(O)c2ccccc2oc3=O)c4ccc(cc4)c5ccc(Br)cc5 ,-4.445,11
CCCCCCC(=O)C,-2.05,3
CCCCCCCCC,-5.88,3
ClCCCl,-1.06,6
COc1ccccc1Cl,-2.46,2
ClC(Br)Br,-1.9,6
Cn1cnc2n(C)c(=O)n(C)c(=O)c12,-0.8759999999999999,11
Cc1cc(no1)C(=O)NNCc2ccccc2,-2.461,11
CC=C,-1.08,6
Clc1ccc(c(Cl)c1)c2ccc(Cl)c(Cl)c2Cl ,-7.8,4
C=Cc1ccccc1,-2.82,1
CCCC(C)(C)O,-0.49,9
CCC(=C(CC)c1ccc(O)cc1)c2ccc(O)cc2 ,-4.07,1
OC1CCCCC1,-0.44,9
CC(C)c1ccccc1C,-3.76,1
CCCC(O)CCC,-1.4,9
ClC4=C(Cl)C5(Cl)C3C1CC(C2OC12)C3C4(Cl)C5(Cl)Cl,-6.29,11
COCC(=O)N(C(C)C(=O)OC)c1c(C)cccc1C ,-1.601,11
CCCCCCCCCCCCCCCCCCCC,-8.172,3
CC(C)CCC(C)(C)C,-5.05,3
CN(C)C(=O)Nc1cccc(OC(=O)NC(C)(C)C)c1 ,-2.93,5
Cc1ccccc1N(=O)=O,-2.33,5
OCC1OC(O)(CO)C(O)C1O,0.64,6
COP(=S)(OC)Oc1ccc(N(=O)=O)c(C)c1,-4.04,5
O=C1N(COC(=O)C)C(=O)C(N1)(c2ccccc2)c3ccccc3,-4.47,11
OC(c1ccc(Cl)cc1)(c2ccc(Cl)cc2)C(Cl)(Cl)Cl,-5.666,11
Oc1cccc(Cl)c1Cl,-1.3,2
CCN2c1nc(C)cc(C(F)(F)F)c1NC(=O)c3cccnc23 ,-4.207,11
CCCCOCCCC,-1.85,8
CCOC(=O)c1ccc(O)cc1,-2.35,1
CC(=O)OC3(CCC4C2CCC1=CC(=O)CCC1C2CCC34C)C#C,-4.8,0
O=c1cc[nH]c(=O)[nH]1 ,-1.4880000000000002,6
CC(C)OC(=O)C,-0.55,8
CCOc1ccc(cc1)C(C)(C)COCc3cccc(Oc2ccccc2)c3,-8.6,11
CCCCl,-1.47,3
O=c2c(C3CCCc4ccccc43)c(O)c1ccccc1o2 ,-2.84,11
c3ccc2c(O)c1ccccc1cc2c3 ,-4.73,10
O=N(=O)c1cccc(c1)N(=O)=O,-2.29,5
Clc1ccccc1,-2.38,2
ClCC#CCOC(=O)Nc1cccc(Cl)c1,-4.37,5
CC(=O)C(C)(C)C,-0.72,3
CCC(O)C(C)C,-0.7,9
CCN2c1cc(OC)cc(C)c1NC(=O)c3cccnc23 ,-5.153,11
CCOP(=S)(OCC)SCSc1ccc(Cl)cc1,-5.736000000000001,2
CON(C)C(=O)Nc1ccc(Cl)cc1,-2.57,5
CCOP(=S)(OCC)SCSP(=S)(OCC)OCC,-5.54,6
Nc2cnn(c1ccccc1)c(=O)c2Cl,-2.878,11
CNC(=O)Oc1ccccc1C2OCCO2,-1.57,11
COP(=S)(OC)Oc1ccc(cc1Cl)N(=O)=O,-4.31,5
CCCC(C)(O)CC,-0.98,9
CC(C)COC=O,-1.01,8
CC1CC2C3CCC4=CC(=O)C=CC4(C)C3(F)C(O)CC2(C)C1(O)C(=O)CO,-3.59,0
Clc1ccc(Cl)c(c1)c2c(Cl)c(Cl)c(Cl)c(Cl)c2Cl,-8.94,4
CC(=O)Nc1cc(NS(=O)(=O)C(F)(F)F)c(C)cc1C,-3.24,11
NC(=O)c1cccnc1 ,0.61,2
CCOC(=O)C=Cc1ccccc1,-3.0,1
c1ccoc1,-0.82,6
CCCCCC(O)CC,-1.98,9
Oc1c(I)cc(C#N)cc1I,-3.61,1
Cn2c(=O)on(c1ccc(Cl)c(Cl)c1)c2=O,-2.82,11
CCCOC(=O)c1ccc(N)cc1,-2.452,1
CC=C(C(=CC)c1ccc(O)cc1)c2ccc(O)cc2,-4.95,1
CCCCCCCCCCCCCCCO,-6.35,9
COc1ccccc1,-1.85,2
Oc1cc(Cl)ccc1Oc2ccc(Cl)cc2Cl,-4.46,2
CCC(O)(CC)CC,-0.85,9
CSc1nc(NC(C)C)nc(NC(C)C)n1,-4.1,6
Cc1cc(cc(N(=O)=O)c1O)N(=O)=O,-1.456,5
CCC(=O)Nc1ccc(Cl)c(Cl)c1,-3.0,5
CCC(=O)C,0.52,3
c2cnc1ncncc1n2,0.02,6
CN(C)C(=O)OC1=CC(=O)CC(C)(C)C1 ,-0.85,11
O=C1NC(=O)NC(=O)C1(C(C)CCC)CC=C,-2.356,7
CCNc1nc(Cl)nc(NCC)n1 ,-4.55,6
CCCCCc1ccccc1,-4.64,1
Oc1c(Cl)cc(Cl)cc1Cl,-2.34,2
CCCOC(=O)CC,-0.82,8
ClCC(C)C,-2.0,3
CCC(C)Cl,-1.96,3
CN(C=Nc1ccc(C)cc1C)C=Nc2ccc(C)cc2C,-5.47,5
CCNc1nc(NC(C)C)nc(OC)n1,-2.084,6
CC12CCC3C(CCc4cc(O)ccc34)C2CCC1O,-5.03,11
Cn2cc(c1ccccc1)c(=O)c(c2)c3cccc(c3)C(F)(F)F,-4.445,11
C1CCOC1,0.49,8
C1CCCCCCC1,-4.15,3
C1CCCCCC1,-3.51,3
CC(C)OC=O,-0.63,8
Clc1cccc(Br)c1,-3.21,2
Nc1cccc(Cl)c1,-1.37,5
Clc1ccc(c(Cl)c1)c2c(Cl)c(Cl)c(Cl)c(Cl)c2Cl,-7.92,4
CCCCCCCCl,-4.0,3
CCCCCCC(=O)OCC,-2.74,8
CCCCC(C)CC,-5.16,3
CC1=C(C(=O)Nc2ccccc2)S(=O)(=O)CCO1,-2.281,11
COC(=O)c1ccccc1OC2OC(COC3OCC(O)C(O)C3O)C(O)C(O)C2O,-0.742,11
Clc1c(Cl)c(Cl)c(N(=O)=O)c(Cl)c1Cl,-5.82,5
c2ccc1[nH]nnc1c2,-0.78,6
CCCCCCCC(=O)C,-2.58,3
CCCCOC,-0.99,8
c1nccc(C(=O)NN)c1,0.009,2
CC(C)N(=O)=O,-0.62,6
O=C1NC(=O)NC(=O)C1(CC=C)CC=C,-2.077,7
CC(=O)SC4CC1=CC(=O)CCC1(C)C5CCC2(C)C(CCC23CCC(=O)O3)C45,-4.173,0
CCOC(C)OCC,-0.43,6
OC3N=C(c1ccccc1)c2cc(Cl)ccc2NC3=O ,-3.952,11
CCCCc1ccccc1,-4.06,1
CC1(OC(=O)N(C1=O)c2cc(Cl)cc(Cl)c2)C=C,-4.925,11
COP(=S)(OC)Oc1cc(Cl)c(I)cc1Cl,-6.62,2
O=C1N(COC(=O)CCCCC)C(=O)C(N1)(c2ccccc2)c3ccccc3,-5.886,11
CCN2c1ccccc1N(C)C(=O)c3cccnc23 ,-3.324,11
CC1(C)C(C=C(Cl)Cl)C1C(=O)OC(C#N)c2cccc(Oc3ccccc3)c2,-8.017000000000001,11
CC(C)c1ccc(NC(=O)N(C)C)cc1,-3.536,5
Clc1ccc(c(Cl)c1Cl)c2c(Cl)cc(Cl)c(Cl)c2Cl ,-7.66,4
Clc1ccc2ccccc2c1,-4.14,2
CCCCCOC(=O)C,-1.89,8
CC/C=C/C,-2.54,3
CCC(C)(C)CC,-4.23,3
CCN(CC)C(=O)C(=CCOP(=O)(OC)OC)Cl,0.523,6
c1ccc2c(c1)ccc3ccccc32,-5.26,10
Clc1ccc(cc1)c2c(Cl)cccc2Cl ,-6.14,4
c2ccc1nc(ccc1c2)c4ccc3ccccc3n4 ,-5.4,11
Nc1nc(O)nc2nc[nH]c12 ,-3.401,11
CCC1(C(=O)NC(=O)NC1=O)c2ccccc2 ,-2.322,11
CCN2c1cc(Cl)ccc1NC(=O)c3cccnc23 ,-5.36,11
Cn1ccc(=O)[nH]c1=O,-0.807,6
COCCCNc1nc(NC(C)C)nc(SC)n1,-2.928,6
OCC(O)C(O)CO,0.7,8
BrC(Cl)Cl,-1.54,6
O=C1NC(=O)NC(=O)C1(C(C)C)CC=C,-1.7080000000000002,7
CCOP(=S)(OCC)SC(CCl)N2C(=O)c1ccccc1C2=O,-6.34,11
Cc1cccc2c1Cc3ccccc32,-5.22,11
CC1(C)C2CCC1(C)C(=O)C2,-1.96,0
C=CC=C,-1.87,6
Cc1ccccc1C,-2.8,1
CCC(=C)C,-2.73,3
OC1C=CC2C1C3(Cl)C(=C(Cl)C2(Cl)C3(Cl)Cl)Cl ,-5.46,11
Fc1c[nH]c(=O)[nH]c1=O ,-1.077,6
Cc1c(cccc1N(=O)=O)N(=O)=O,-3.0,5
CC(=O)CCC1C(=O)N(N(C1=O)c2ccccc2)c3ccccc3,-3.27,11
O=C1NC(=O)NC(=O)C1(CC)CC,-2.4,7
CCOP(=S)(OCC)Oc1nc(Cl)c(Cl)cc1Cl ,-5.67,11
CC1(C)C2CCC1(C)C(O)C2,-2.32,0
CC(=O)OCC(=O)C1(O)CCC2C3CCC4=CC(=O)CCC4(C)C3C(O)CC21C,-4.88,0
COP(=S)(OC)Oc1cc(Cl)c(Cl)cc1Cl,-5.72,2
c1ccc(Cl)cc1C(c2ccc(Cl)cc2)(O)C(=O)OC(C)C,-4.53,11
CCC(C)c1cc(cc(N(=O)=O)c1O)N(=O)=O ,-3.38,11
CNC(=O)C=C(C)OP(=O)(OC)OC,0.6509999999999999,6
O=C1CNC(=O)N1 ,-0.4,6
CC4CC3C2CCC1=CC(=O)C=CC1(C)C2(F)C(O)CC3(C)C4(O)C(=O)COC(C)=O ,-4.9,0
CC(=O)C3(C)CCC4C2C=C(C)C1=CC(=O)CCC1(C)C2CCC34C,-5.27,0
CCCC(=O)CCC,-1.3,3
ClCCCCl,-1.62,3
CCC1CCCCC1,-4.25,3
CC34CC(O)C1(F)C(CCC2=CC(=O)CCC12C)C3CCC4(O)C(=O)CO ,-3.43,0
CC(C)C(C)O,-0.18,9
Clc1ccc(cc1)c2ccccc2Cl ,-5.28,4
Clc1ccccc1I,-3.54,2
C1SC(=S)NC1(=O),-1.77,6
OC(Cn1cncn1)(Cn2cncn2)c3ccc(F)cc3F ,-1.8,11
CCC(C)C(C)C,-4.28,3
Cc1ccccc1Br,-2.23,1
CCI,-1.6,6
O=C(Nc1ccccc1)Nc2ccccc2,-3.15,5
CBr,-0.79,6
Cn1cnc2n(C)c(=O)[nH]c(=O)c12 ,-2.523,11
Clc1cc(Cl)cc(Cl)c1,-4.48,2
COC(=O)c1ccccc1,-1.85,1
CCOP(=S)(OCC)SC(CCl)N1C(=O)c2ccccc2C1=O,-6.34,11
CC34CC(=O)C1C(CCC2=CC(=O)CCC12C)C3CCC4(=O) ,-3.48,0
O=C1N(C2CCC(=O)NC2=O)C(=O)c3ccccc13,-2.676,11
CCOP(=S)(OCC)Oc2ccc1oc(=O)c(Cl)c(C)c1c2,-5.382000000000001,11
O=N(=O)c1ccc(cc1)N(=O)=O,-3.39,5
Cc1c(C)c(C)c(C)c(C)c1C,-5.23,1
CC(=O)Nc1nnc(s1)S(N)(=O)=O ,-2.36,11
CN(C)C(=O)N(C)C ,0.94,6
OCC(O)C2OC1OC(OC1C2O)C(Cl)(Cl)Cl ,-1.84,11
CNC(=O)Oc1ccccc1OC(C)C,-2.05,2
c2ccc1ocnc1c2,-1.16,6
COc1cc(CC=C)ccc1O,-1.56,1
CCc1ccc2ccccc2c1,-4.29,10
CCCCCCC,-4.53,3
Cc1ccccc1,-2.21,1
O=C1NC(=O)C(=O)N1 ,-0.4,6
CCC(C)(C)C,-3.55,3
CCC(=O)OC,-0.14,8
Cc1ccc(O)cc1,-0.73,1
CCOP(=S)(OCC)N2C(=O)c1ccccc1C2=O,-3.35,11
c1c(OC)c(OC)C2C(=O)OCC2c1,-1.899,11
CC(=O)OCC(=O)C3(O)CCC4C2CCC1=CC(=O)CCC1(C)C2C(=O)CC34C ,-4.21,0
CCCCOCN(C(=O)CCl)c1c(CC)cccc1CC ,-4.19,11
CN(C(=O)NC(C)(C)c1ccccc1)c2ccccc2,-3.35,11
Cc1ccc(cc1N(=O)=O)N(=O)=O,-2.82,5
CCOP(=S)(NC(C)C)Oc1ccccc1C(=O)OC(C)C,-4.194,11
CCCOC(=O)CCC,-1.75,8
Brc1cc(Br)cc(Br)c1,-5.6,2
CC(C)C(C)(C)C,-4.36,3
COC(=O)Nc2nc1ccc(cc1[nH]2)C(=O)c3ccccc3,-3.88,11
ClC(Cl)(Cl)Cl,-2.31,6
CC(=O)c1ccccc1,-1.28,1
CC(C)SC(C)C,-2.24,6
CCCCCCC(C)O,-2.09,9
CC(C)O,0.43,9
NC(=S)N,0.32,6
CCCCCC(=O)C,-1.45,3
Nc1ccc(cc1)N(=O)=O,-2.37,5
O=c1[nH]cnc2nc[nH]c12 ,-2.296,6
Clc1ccc(Cl)c(c1)c2ccc(Cl)c(Cl)c2,-7.25,4
CCCCCCC=C,-4.44,3
CN(C)C(=O)Oc1cc(C)nn1c2ccccc2,-2.09,11
CCNc1nc(Cl)nc(n1)N(CC)CC,-4.06,6
Cc3cc2nc1c(=O)[nH]c(=O)nc1n(CC(O)C(O)C(O)CO)c2cc3C,-3.685,11
O=C(c1ccccc1)c2ccccc2,-3.12,1
CCO,1.1,8
CCCCCCO,-1.24,9
CCOP(=S)(OCC)SCSC(C)(C)C,-4.755,6
CCCC=O,-0.01,3
CC12CCC3C(CCC4=CC(=O)CCC34C)C2CCC1O,-4.02,0
CCC1(C(=O)NCNC1=O)c2ccccc2,-2.64,11
O=C2NC(=O)C1(CCCCC1)C(=O)N2,-3.06,7
CC(=O)Nc1ccccc1,-1.33,5
CNC(=O)ON=C(SC)C(=O)N(C)C,0.106,6
ClC(Cl)C(c1ccc(Cl)cc1)c2ccc(Cl)cc2 ,-7.2,1
C1CCC=CCC1,-3.18,3
CCCC(C)(C)CO,-1.52,9
ClC2=C(Cl)C3(Cl)C1C=CCC1C2(Cl)C3(Cl)Cl ,-5.64,11
BrCCBr,-1.68,6
Brc1cccc2ccccc12,-4.35,10
CCCCOC=O,-1.37,8
C1C=CCC=C1,-2.06,3
CN(C)C(=S)SSC(=S)N(C)C ,-3.9,6
NS(=O)(=O)c2cc1c(NC(NS1(=O)=O)C(Cl)Cl)cc2Cl ,-2.68,11
CCCC(=C)C,-3.03,3
CC1=C(CCCO1)C(=O)Nc2ccccc2 ,-2.56,11
CCCCC(O)CC,-1.47,9
O=C1NC(=O)C(=O)C(=O)N1 ,-1.25,6
C1(=O)NC(=O)NC(=O)C1(O)C2(O)C(=O)NC(=O)NC2(=O),-1.99,11
N(c1ccccc1)c2ccccc2,-3.504,5
Cc1ccc(cc1)N(=O)=O,-2.49,5
FC(F)(F)c1cccc(c1)N2CC(CCl)C(Cl)C2=O,-4.047,11
CC(=O)C3CCC4C2CC=C1CC(O)CCC1(C)C2CCC34C ,-4.65,0
FC(F)(Cl)C(F)(Cl)Cl,-3.04,6
c1c(O)C2C(=O)C3cc(O)ccC3OC2cc1(OC),-2.943,11
O=Cc1ccco1,-0.1,6
Nc1cc(nc(N)n1=O)N2CCCCC2 ,-1.989,11
NS(=O)(=O)c3cc2c(NC(Cc1ccccc1)NS2(=O)=O)cc3C(F)(F)F,-3.59,11
Oc1cccc2ncccc12 ,-2.54,2
CC(C)(C)CCO,-0.5,9
OC(C(=O)c1ccccc1)c2ccccc2,-2.85,1
NC(=O)c1cnccn1,-0.667,6
Cc3nnc4CN=C(c1ccccc1Cl)c2cc(Cl)ccc2n34,-4.09,11
Clc1ccc(c(Cl)c1)c2cc(Cl)c(Cl)c(Cl)c2Cl ,-7.39,4
ClCCC#N ,-0.29,3
CC12CCC(O)CC1CCC3C2CCC4(C)C3CCC4=O,-4.402,0
CCCCCCCCC(=O)OC,-3.38,8
NC(=O)NC1NC(=O)NC1=O ,-1.6,6
c1(OC)ccc(CC=C)cc1,-2.92,1
Clc2c(Cl)c(Cl)c(c1ccccc1)c(Cl)c2Cl ,-7.92,4
CCCC(C)(C)C,-4.36,3
O=N(=O)c1ccccc1,-1.8,5
CC(=O)OC3(CCC4C2C=C(C)C1=CC(=O)CCC1(C)C2CCC34C)C(C)=O ,-5.35,0
CCCC,-2.57,3
OC1C(O)C(O)C(O)C(O)C1O,0.35,8
CC34CCC1C(=CCc2cc(O)ccc12)C3CCC4=O,-5.282,11
CCOC(=O)c1ccccc1,-2.32,1
OCC1OC(CO)(OC2OC(COC3OC(CO)C(O)C(O)C3O)C(O)C(O)C2O)C(O)C1O,-0.41,11
OCC(O)C(O)C(O)C(O)CO,1.09,8
CC(Cl)CCl,-1.6,3
O2c1ccc(N)cc1N(C)C(=O)c3cc(C)ccc23 ,-3.928,11
Oc1cc(Cl)c(Cl)cc1Cl,-2.21,2
CC(C)CCCO,-1.14,9
CN(C)C(=O)Nc1ccc(Cl)c(Cl)c1,-3.8,5
CC34CCC1C(CCC2=CC(=O)CCC12C)C3CCC4=O,-3.69,0
CCOCCOCC,-0.77,8
CSC,-0.45,6
COP(=S)(OC)Oc1cc(Cl)c(Br)cc1Cl,-6.09,2
CCCCCCCCCCCCCCCCCCO,-8.4,9
Nc1ccc(O)cc1,-0.8,5
CCOC(=O)c1ccccc1C(=O)OCC,-2.35,1
CCS,-0.6,6
c1cc2ccc3ccc4ccc5cccc6c(c1)c2c3c4c56,-9.018,10
COP(=O)(OC)C(O)C(Cl)(Cl)Cl,-0.22,6
CCCCC,-3.18,3
Clc1ccc(Cl)c(c1)c2cccc(Cl)c2Cl ,-6.47,4
CC(=C)C(=C)C,-2.4,3
Cc1ccc(C)c(C)c1,-3.31,1
CCCCOC(=O)c1ccccc1C(=O)OCCCC ,-4.4,1
O=C1NC(=O)NC(=O)C1(CC)CC=C,-1.614,7
CC2Nc1cc(Cl)c(cc1C(=O)N2c3ccccc3C)S(N)(=O)=O ,-3.78,11
CCCN(CCC)c1c(cc(cc1N(=O)=O)C(F)(F)F)N(=O)=O,-5.68,11
CC1(C)C(C=C(Br)Br)C1C(=O)OC(C#N)c2cccc(Oc3ccccc3)c2,-8.402000000000001,11
CCSC(=O)N(CC(C)C)CC(C)C,-3.68,6
CC(C)C1CCC(C)CC1O ,-2.53,8
Clc2ccc1oc(=O)[nH]c1c2,-2.8310000000000004,11
Oc1cccc(c1)N(=O)=O,-1.01,5
CC1(C)C(C=C(Cl)C(F)(F)F)C1C(=O)OC(C#N)c2cccc(Oc3ccccc3)c2,-8.176,11
Cc1ccccc1Cl,-3.52,1
COc1ccccc1O ,-1.96,2
CC(C)N(C(C)C)C(=O)SCC(=CCl)Cl,-4.2860000000000005,6
CSc1nc(nc(n1)N(C)C)N(C)C,-2.676,6
CCCCCO,-0.6,9
OCC1OC(O)C(O)C(O)C1O,0.74,6
O=c1[nH]cnc2[nH]ncc12 ,-2.266,6
CCCCC(C)(O)CC,-1.6,9
CNC(=O)Oc1cccc2CC(C)(C)Oc12,-2.8,11
c1ccc2c(c1)[nH]c3ccccc32,-5.27,2
O=C1NC(=O)NC(=O)C1(CC)c1ccccc1,-2.322,11
ClC(Cl)=C(c1ccc(Cl)cc1)c2ccc(Cl)cc2,-6.9,2
Oc1ccc(Cl)c(Cl)c1,-1.25,2
CCCCC(=O)OC3(C(C)CC4C2CCC1=CC(=O)C=CC1(C)C2(F)C(O)CC34C)C(=O)CO,-4.71,0
ClC1=C(Cl)C(Cl)(C(=C1Cl)Cl)C2(Cl)C(=C(Cl)C(=C2Cl)Cl)Cl,-7.278,11
C1Cc2c3c1cccc3cc4c2ccc5ccccc54,-7.85,1
O=C1NC(=O)NC(=O)C1(C)C,-1.742,7
Clc1cccc(I)c1,-3.55,2
c1ccc2c(c1)sc3ccccc23,-4.38,2
O=C1NC(=O)NC(=O)C1(C)CC=C,-1.16,7
CCCCC#C,-2.36,3
O=c2[nH]c1CCCc1c(=O)n2C3CCCCC3,-4.593999999999999,11
Cc1cc(ccc1NS(=O)(=O)C(F)(F)F)S(=O)(=O)c2ccccc2,-3.8,11
CCNc1nc(Cl)nc(NC(C)C)n1,-3.85,6
CNC(=O)Oc1ccccc1C(C)C,-2.863,1
Cn1c(=O)n(C)c2nc[nH]c2c1=O,-1.39,11
NC(=O)CCl ,-0.02,6
Clc1ccc(c(Cl)c1)c2c(Cl)ccc(Cl)c2Cl ,-7.43,4
CCOC(=O)Nc2cccc(OC(=O)Nc1ccccc1)c2 ,-4.632,5
COC(=O)c1ccccc1C(=O)OC,-1.66,1
C1CCOCC1,-0.03,8
CCN(CC)C(=S)SCC(Cl)=C,-3.39,6
CCC(C)C1(CC(Br)=C)C(=O)NC(=O)NC1=O ,-2.647,7
c1cc(C)cc2c1c3cc4cccc5CCc(c45)c3cc2,-7.92,1
ClC(Cl)C(c1ccc(Cl)cc1)c2ccccc2Cl ,-6.51,11
CC1CO1,-0.59,8
ClC(=C(Cl)C(=C(Cl)Cl)Cl)Cl,-4.92,6
NC(=N)NS(=O)(=O)c1ccc(N)cc1 ,-1.99,5
c1(C(=O)OCCCCCC(C)(C))c(C(=O)OCCCCCC(C)(C))cccc1,-6.6370000000000005,11
CCCCCCCCC(=O)C,-3.3,3
COc5cc4OCC3Oc2c1CC(Oc1ccc2C(=O)C3c4cc5OC)C(C)=C ,-4.42,11
CCC#C,-1.24,3
CC(C)=CCCC(C)=CC(=O),-2.06,6
c1ccccc1(OC(=O)NC),-1.803,2
Cc1ncc(N(=O)=O)n1CCO ,-1.26,11
CON(C)C(=O)Nc1ccc(Br)c(Cl)c1,-3.924,5
COC1=CC(=O)CC(C)C13Oc2c(Cl)c(OC)cc(OC)c2C3=O,-3.2460000000000004,11
Clc1ccc(Cl)c(c1)c2cc(Cl)c(Cl)c(Cl)c2Cl,-7.68,4
CC(=O)Nc1ccc(Cl)cc1,-2.843,5
CC(C)C(C)C(C)C,-4.8,3
O=C(Cn1ccnc1N(=O)=O)NCc2ccccc2,-2.81,11
CCCCCCCCC(=O)OCC,-3.8,8
Cc1cc2ccccc2cc1C,-4.72,10
CCOC(=O)N(C)C(=O)CSP(=S)(OCC)OCC,-2.518,11
Oc1ccccc1O,0.62,2
O=N(=O)c1ccccc1N(=O)=O,-3.1,5
O=C1CCCCC1,-0.6,3
CCOP(=S)(OCC)Oc1ccc(cc1)N(=O)=O,-4.66,5
CN(C)c1nc(nc(n1)N(C)C)N(C)C,-3.364,6
CSCS(=O)CC(CO)NC(=O)C=Cc1c(C)[nH]c(=O)[nH]c1=O,-1.981,11
Cc1ccnc(C)c1,0.38,2
Cc1ccc(C)cc1,-2.77,1
CC1CCCCC1NC(=O)Nc2ccccc2,-4.11,5
Oc1c(Br)cc(C#N)cc1Br ,-3.33,1
COc1ccccc1O,-1.96,2
CCC#CCC,-1.99,3
CC1(C)C(C=C(Cl)Cl)C1C(=O)OC(C#N)c2ccc(F)c(Oc3ccccc3)c2,-7.337000000000001,11
Nc1ccccc1N(=O)=O,-1.96,5
Cc1ccc(OP(=O)(Oc2cccc(C)c2)Oc3ccccc3C)cc1,-6.01,11
O=C2NC(=O)C1(CC1)C(=O)N2 ,-1.886,7
NS(=O)(=O)c2cc1c(NCNS1(=O)=O)cc2Cl ,-2.63,11
CN(C)C(=O)Nc1ccccc1,-1.6,5
Oc1cc(Cl)c(Cl)c(Cl)c1Cl,-3.15,2
CCSSCC,-2.42,6
CCCI,-2.29,3
c1ccccc1C(O)c2ccccc2,-2.55,1
CCC2NC(=O)c1cc(c(Cl)cc1N2)S(N)(=O)=O,-3.29,11
Oc1ccc(Cl)cc1C(=O)Nc2ccc(cc2Cl)N(=O)=O,-4.7,11
Cc1occc1C(=O)Nc2ccccc2,-3.3,11
CCNc1nc(NC(C)C)nc(SC)n1,-3.04,6
CCc1ccccc1C,-3.21,1
Cc1ccc(C)c2ccccc12,-4.14,10
CC(C)Cc1ccccc1,-4.12,1
CCCCC(=O)OCC,-2.25,8
CCN2c1ncccc1N(C)C(=O)c3cccnc23 ,-2.62,11
Cc1cc(C)cc(O)c1,-1.4,1
o1c2ccccc2c3ccccc13,-4.6,2
CC(=O)C1CCC2C3CCC4=CC(=O)CCC4(C)C3CCC12C,-4.42,0
CC(C)C1CCC(C)CC1=O,-2.35,6
Cc1ncnc2nccnc12,-0.466,6
Clc1ccc(Cl)c(Cl)c1Cl,-4.57,2
Clc1ccc(Cl)cc1,-3.27,2
CCCN(=O)=O,-0.8,6
c1ccccc1NC(=O)c2c(O)cccc2,-3.59,5
Oc1cccc(Cl)c1,-0.7,2
c1cc2cccc3c4cccc5cccc(c(c1)c23)c54,-8.804,10
CCCCOC(=O)c1ccc(N)cc1,-3.082,1
CCC(O)CC,-0.24,9
COc1ccc(Cl)cc1,-2.78,2
Nc1ncnc2n(ccc12)C3OC(CO)C(O)C3O ,-1.95,11
Oc1cccc2cccnc12 ,-2.42,2
CCOP(=S)(OCC)SCn1c(=O)oc2cc(Cl)ccc12,-5.233,11
CC(OC(=O)Nc1cccc(Cl)c1)C#C,-2.617,5
CCOP(=S)(OCC)SCSCC,-4.11,6
Cc1cc(C)c(C)c(C)c1C,-4.0,1
COP(=S)(OC)SCC(=O)N(C(C)C)c1ccc(Cl)cc1,-4.432,11
N(Nc1ccccc1)c2ccccc2 ,-2.92,5
CCCOCCC,-1.62,8
CN(C)C(=O)C,1.11,6
Cc1c2ccccc2c(C)c3ccc4ccccc4c13,-7.02,10
BrC(Br)(Br)Br,-3.14,6
ClCC,-1.06,6
CN(=O)=O,0.26,6
CCCO,0.62,9
CCCCC(C)O,-0.89,9
CC=C(C)C,-2.56,3
Oc2ccc1CCCCc1c2 ,-1.99,1
Oc1c(Cl)cccc1Cl,-1.79,2
CCCCCCl,-2.73,3
CC(C)C(=O)C,-0.12,3
O=C1NC(=O)NC(=O)C1(CC)C(C)C,-2.148,7
CCCCC1C(=O)N(N(C1=O)c2ccccc2)c3ccccc3 ,-3.81,11
COC(=O)c1cccnc1 ,-0.46,11
c1c(NC(=O)c2ccccc2(I))cccc1,-4.21,5
Oc1cc(Cl)cc(Cl)c1,-1.34,2
CC(C)=CCCC(O)(C)C=C,-1.99,6
CCCCCCCCCC(C)O,-2.94,9
CCCCCCCC=C,-5.05,3
CCOC=C,-0.85,8
CC1=C(SCCO1)C(=O)Nc2ccccc2,-3.14,11
CCC(Br)(CC)C(=O)NC(N)=O,-2.68,6
CCCCC(=O)CCCC,-2.58,3
CCCOCC,-0.66,8
Nc1ccccc1O,-0.72,2
CC(C)Oc1cc(c(Cl)cc1Cl)n2nc(oc2=O)C(C)(C)C,-5.696000000000001,11
CC(O)c1ccccc1,-0.92,1
CC(=O)OCC(=O)C3CCC4C2CCC1=CC(=O)CCC1(C)C2CCC34C ,-4.63,0
N(=Nc1ccccc1)c2ccccc2,-4.45,5
CCCC(=O)OC,-1.92,8
CC12CC(=O)C3C(CCC4=CC(=O)CCC34C)C2CCC1(O)C(=O)CO,-3.11,0
CC(C)(C)c1ccccc1,-3.66,1
CC(=O)OCC(=O)C3(O)C(CC4C2CCC1=CC(=O)C=CC1(C)C2(F)C(O)CC34C)OC(C)=O ,-4.13,0
ClCBr,-0.89,6
CCCCN(C)C(=O)Nc1ccc(Cl)c(Cl)c1,-4.77,5
c3ccc2nc1ccccc1cc2c3,-3.67,2
Cc1c(C)c2c3ccccc3ccc2c4ccccc14,-7.01,10
Nc1ccc(cc1)S(N)(=O)=O,-1.34,5
CCCC(C)(COC(N)=O)COC(N)=O ,-1.807,6
Cc1cc(C)c(C)cc1C,-4.59,1
C1c2ccccc2c3ccccc13,-5.0,2
CCCC(O)C=C,-0.59,9
CCCC1C(=O)N3N(C1=O)c2cc(C)ccc2N=C3N(C)C ,-3.5380000000000003,11
Clc1cccc(Cl)c1Cl,-4.0,2
CCCCCCCC,-5.24,3
CN2C(=O)CN=C(c1ccccc1)c3cc(ccc23)N(=O)=O,-3.796,11
CC(=O)OC3(C)CCC4C2CCC1=CC(=O)CCC1(C)C2CCC34C ,-5.284,0
Oc1ccncc1,1.02,2
CCC,-1.94,3
CC1(C)C(C=C(Cl)Cl)C1C(=O)OCc2cccc(Oc3ccccc3)c2,-6.291,11
CC(C)CC(C)O,-0.8,9
c1ccc2c(c1)c3ccccc3c4ccccc24,-6.726,10
CCCCCCCCCC(=O)OCC,-4.1,8
Ic1cccc2ccccc12,-4.55,10
Clc1cccc(c1)N(=O)=O,-2.77,5
CC(=O)Nc1ccc(Br)cc1,-3.083,5
COP(=O)(OC)OC(=CCl)c1cc(Cl)c(Cl)cc1Cl,-4.522,11
Clc1cc(Cl)c(cc1Cl)c2cccc(Cl)c2Cl ,-7.21,4
CC(C)c1ccccc1,-3.27,1
CCCCC(CC)COC(=O)c1ccccc1C(=O)OCC(CC)CCCC,-6.96,11
CCCCCC(=O)OC,-1.87,8
COc1ccc(C=O)cc1,-1.49,1
CCc1cccc(C)c1N(C(C)COC)C(=O)CCl ,-2.73,11
Clc1ccc(cc1Cl)c2ccccc2 ,-6.39,4
ClC(Cl)C(c1ccc(Cl)cc1)c2ccc(Cl)cc2,-7.2,1
CN(C)C(=O)SCCCCOc1ccccc1,-3.927,2
ClC1C=CC2C1C3(Cl)C(=C(Cl)C2(Cl)C3(Cl)Cl)Cl,-6.317,11
Clc1ccccc1N(=O)=O,-2.55,5
CCN(=O)=O,-0.22,6
CC12CC2(C)C(=O)N(C1=O)c3cc(Cl)cc(Cl)c3,-4.8,11
OC4=C(C1CCC(CC1)c2ccc(Cl)cc2)C(=O)c3ccccc3C4=O,-5.931,11
Clc1cc(Cl)c(Cl)cc1Cl,-5.56,2
CCCCc1c(C)nc(NCC)[nH]c1=O,-3.028,11
COc1ccc(NC(=O)N(C)C)cc1Cl,-2.564,5
C(c1ccccc1)c2ccccc2,-4.08,1
CC,-1.36,6
CC(C)Cl,-1.41,3
COc2c1occc1c(OC)c3c(=O)cc(C)oc23 ,-3.0210000000000004,11
Nc1ccccc1,-0.41,5
ClCCBr,-1.32,6
Nc1ncnc2nc[nH]c12 ,-2.12,6
Clc1cc(Cl)c(Cl)c(Cl)c1Cl,-5.65,2
CCCCCCCC(C)O,-2.74,9
O=C2NC(=O)C1(CCCCCC1)C(=O)N2 ,-3.168,7
c1ccc2cnccc2c1,-1.45,10
CCCCCCCCO,-2.39,9
Oc1ccc(Cl)cc1Cl,-1.55,2
Oc1ccc(c(O)c1)c3oc2cc(O)cc(O)c2c(=O)c3O ,-3.083,11
O=C1NC(=O)NC(=O)C1(CC)CCC(C)C,-2.658,7
CCCCCCCCCCCCO,-4.8,9
C/C1CCCCC1\C,-4.3,3
ClC1C(Cl)C(Cl)C(Cl)C(Cl)C1Cl,-4.64,6
CN(C)C(=O)Nc1ccc(Cl)cc1,-2.89,5
c2ccc1scnc1c2 ,-1.5,6
ClC(Cl)(Cl)N(=O)=O,-2.0,6
Oc2ccc1ncccc1c2 ,-2.16,2
CC(C)N(C(C)C)C(=O)SCC(Cl)=C(Cl)Cl,-4.88,6
CCCCCCCCCO,-3.01,9
ClCCl,-0.63,6
CCCCCCCCOC(=O)c1ccccc1C(=O)OCCCCCCCC ,-5.115,11
CC45CCC2C(CCC3CC1SC1CC23C)C4CCC5O,-5.41,0
CCSC(=O)N(CC)C1CCCCC1 ,-3.4,6
CCCCI,-2.96,3
CC(C)C(O)C(C)C,-1.22,9
CCCBr,-1.73,3
CNC(=O)ON=C(CSC)C(C)(C)C ,-1.62,6
CC1CCCO1,0.11,8
CCOc1ccccc1,-2.33,2
O=C1N(COC(=O)CC)C(=O)C(N1)(c2ccccc2)c3ccccc3,-4.907,11
Clc1cccc2ccccc12,-3.93,2
CCCCc1c(C)nc(NCC)nc1OS(=O)(=O)N(C)C ,-4.16,11
CCCCN(CC)c1c(cc(cc1N(=O)=O)C(F)(F)F)N(=O)=O,-5.53,11
NC(=O)N,0.96,6
OCCOc1ccccc1,-0.7,2
Cc1c(F)c(F)c(COC(=O)C2C(C=C(Cl)C(F)(F)F)C2(C)C)c(F)c1F,-7.321000000000001,11
CC(C)OP(=S)(OC(C)C)SCCNS(=O)(=O)c1ccccc1,-4.2,11
CCCCCCCCCC(=O)OC,-4.69,8
CCC1(C(=O)NC(=O)NC1=O)C2=CCC3CCC2C3,-2.696,7
CCC1(C(=O)NC(=O)NC1=O)C2=CCCCC2 ,-2.17,7
CCN2c1nc(C)cc(C)c1NC(=O)c3cccnc23 ,-4.553999999999999,11
CCCCOCCO,-0.42,8
c1ccc2c(c1)c3cccc4ccc5cccc2c5c43,-7.8,10
O2c1ccccc1N(CC)C(=O)c3ccccc23 ,-3.68,11
O=C1NC(=O)c2ccccc12 ,-2.61,11
Clc1ccc(cc1)c2cccc(Cl)c2Cl ,-6.29,4
N#Cc1ccccc1,-1.0,1
CCCC(C)O,-0.29,9
CC1OC(CC(O)C1O)OC2C(O)CC(OC2C)OC8C(O)CC(OC7CCC3(C)C(CCC4C3CC(O)C5(C)C(CCC45O)C6=CC(=O)OC6)C7)OC8C ,-4.081,0
CC12CCC3C(CCc4cc(O)ccc34)C2CCC1=O,-3.955,11
